Name,Street,City,State,Phone,Email
John Smith,123 Main St,New York,NY,555-123-4567,john.smith@email.com
Sarah Johnson,456 Oak Ave,Los Angeles,CA,555-234-5678,sarah.johnson@email.com
Michael Brown,789 Pine St,Chicago,IL,555-345-6789,michael.brown@email.com
Emily Davis,321 Elm St,Houston,TX,555-456-7890,emily.davis@email.com
David Wilson,654 Maple Dr,Phoenix,AZ,555-567-8901,david.wilson@email.com
Lisa Anderson,987 Cedar Ln,Philadelphia,PA,555-678-9012,lisa.anderson@email.com
Robert Taylor,147 Birch St,San Antonio,TX,555-789-0123,robert.taylor@email.com
Jennifer Martinez,258 Spruce Ave,San Diego,CA,555-890-1234,jennifer.martinez@email.com
Christopher Garcia,369 Willow Way,Dallas,TX,555-901-2345,christopher.garcia@email.com
Amanda Rodriguez,741 Poplar St,San Jose,CA,555-012-3456,amanda.rodriguez@email.com
Daniel Lee,852 Ash Blvd,Austin,TX,555-123-4567,daniel.lee@email.com
Michelle White,963 Hickory Rd,Jacksonville,FL,555-234-5678,michelle.white@email.com
James Harris,159 Dogwood Dr,Fort Worth,TX,555-345-6789,james.harris@email.com
Ashley Clark,357 Sycamore St,Columbus,OH,555-456-7890,ashley.clark@email.com
Matthew Lewis,468 Magnolia Ave,Charlotte,NC,555-567-8901,matthew.lewis@email.com
Jessica Walker,579 Cherry Ln,Seattle,WA,555-678-9012,jessica.walker@email.com
Andrew Hall,680 Walnut St,Denver,CO,555-789-0123,andrew.hall@email.com
Stephanie Allen,791 Chestnut Ave,Washington,DC,555-890-1234,stephanie.allen@email.com
Kevin Young,802 Pine St,Boston,MA,555-901-2345,kevin.young@email.com
Nicole King,913 Oak Dr,El Paso,TX,555-012-3456,nicole.king@email.com
Ryan Wright,024 Elm St,Detroit,MI,555-123-4567,ryan.wright@email.com
Samantha Lopez,135 Maple Ave,Nashville,TN,555-234-5678,samantha.lopez@email.com
Brandon Hill,246 Cedar St,Portland,OR,555-345-6789,brandon.hill@email.com
Rachel Scott,357 Birch Rd,Oklahoma City,OK,555-456-7890,rachel.scott@email.com
Tyler Green,468 Willow Way,Las Vegas,NV,555-567-8901,tyler.green@email.com
Lauren Adams,579 Poplar St,Louisville,KY,555-678-9012,lauren.adams@email.com
Justin Baker,680 Ash Blvd,Baltimore,MD,555-789-0123,justin.baker@email.com
Megan Nelson,791 Hickory Dr,Milwaukee,WI,555-890-1234,megan.nelson@email.com
Jordan Carter,802 Dogwood St,Albuquerque,NM,555-901-2345,jordan.carter@email.com
Kayla Mitchell,913 Sycamore Ave,Tucson,AZ,555-012-3456,kayla.mitchell@email.com
Zachary Perez,024 Magnolia St,Fresno,CA,555-123-4567,zachary.perez@email.com
Brittany Roberts,135 Cherry Ln,Sacramento,CA,555-234-5678,brittany.roberts@email.com
Nathan Turner,246 Walnut Dr,Mesa,AZ,555-345-6789,nathan.turner@email.com
Crystal Phillips,357 Chestnut St,Kansas City,MO,555-456-7890,crystal.phillips@email.com
Aaron Campbell,468 Pine Ave,Atlanta,GA,555-567-8901,aaron.campbell@email.com
Vanessa Parker,579 Oak St,Omaha,NE,555-678-9012,vanessa.parker@email.com
Sean Evans,680 Elm Dr,Raleigh,NC,555-789-0123,sean.evans@email.com
Monica Edwards,791 Maple St,Miami,FL,555-890-1234,monica.edwards@email.com
Jeremy Collins,802 Cedar Ave,Cleveland,OH,555-901-2345,jeremy.collins@email.com
Danielle Stewart,913 Birch St,Tulsa,OK,555-012-3456,danielle.stewart@email.com
Brandon Sanchez,024 Willow Way,Minneapolis,MN,555-123-4567,brandon.sanchez@email.com
Tiffany Morris,135 Poplar St,Wichita,KS,555-234-5678,tiffany.morris@email.com
Travis Rogers,246 Ash Blvd,Arlington,TX,555-345-6789,travis.rogers@email.com
Heather Reed,357 Hickory Dr,New Orleans,LA,555-456-7890,heather.reed@email.com
Marcus Cook,468 Dogwood St,Bakersfield,CA,555-567-8901,marcus.cook@email.com
Tara Bailey,579 Sycamore Ave,Tampa,FL,555-678-9012,tara.bailey@email.com
Derek Rivera,680 Magnolia St,Aurora,CO,555-789-0123,derek.rivera@email.com
Crystal Cooper,791 Cherry Ln,Anaheim,CA,555-890-1234,crystal.cooper@email.com
Tyler Richardson,802 Walnut Dr,Santa Ana,CA,555-901-2345,tyler.richardson@email.com
Sierra Cox,913 Chestnut St,St. Louis,MO,555-012-3456,sierra.cox@email.com
Devin Ward,024 Pine Ave,Riverside,CA,555-123-4567,devin.ward@email.com
Jasmine Torres,135 Oak St,Corpus Christi,TX,555-234-5678,jasmine.torres@email.com
Blake Peterson,246 Elm Dr,Lexington,KY,555-345-6789,blake.peterson@email.com
Destiny Gray,357 Maple St,Pittsburgh,PA,555-456-7890,destiny.gray@email.com
Cody Ramirez,468 Cedar Ave,Anchorage,AK,555-567-8901,cody.ramirez@email.com
Brianna James,579 Birch St,Stockton,CA,555-678-9012,brianna.james@email.com
Jared Watson,680 Willow Way,Cincinnati,OH,555-789-0123,jared.watson@email.com
Mackenzie Brooks,791 Poplar St,St. Paul,MN,555-890-1234,mackenzie.brooks@email.com
Connor Kelly,802 Ash Blvd,Toledo,OH,555-901-2345,connor.kelly@email.com
Paige Sanders,913 Hickory Dr,Greensboro,NC,555-012-3456,paige.sanders@email.com
Austin Price,024 Dogwood St,Newark,NJ,555-123-4567,austin.price@email.com
Savannah Bennett,135 Sycamore Ave,Plano,TX,555-234-5678,savannah.bennett@email.com
Noah Wood,246 Magnolia St,Henderson,NV,555-345-6789,noah.wood@email.com
Maya Barnes,357 Cherry Ln,Lincoln,NE,555-456-7890,maya.barnes@email.com
Liam Ross,468 Walnut St,Buffalo,NY,555-567-8901,liam.ross@email.com
Chloe Henderson,579 Chestnut Ave,Jersey City,NJ,555-678-9012,chloe.henderson@email.com
Ethan Coleman,680 Pine St,Chula Vista,CA,555-789-0123,ethan.coleman@email.com
Ava Jenkins,791 Oak Dr,Fort Wayne,IN,555-890-1234,ava.jenkins@email.com
Mason Perry,802 Elm St,Orlando,FL,555-901-2345,mason.perry@email.com
Sophia Powell,913 Maple Ave,St. Petersburg,FL,555-012-3456,sophia.powell@email.com
Lucas Long,024 Cedar St,Laredo,TX,555-123-4567,lucas.long@email.com
Isabella Patterson,135 Birch Rd,Irving,TX,555-234-5678,isabella.patterson@email.com
Alexander Hughes,246 Willow Way,Lubbock,TX,555-345-6789,alexander.hughes@email.com
Mia Flores,357 Poplar St,Madison,WI,555-456-7890,mia.flores@email.com
Benjamin Washington,468 Ash Blvd,Gilbert,AZ,555-567-8901,benjamin.washington@email.com
Charlotte Butler,579 Hickory Dr,Glendale,AZ,555-678-9012,charlotte.butler@email.com
William Simmons,680 Dogwood St,Reno,NV,555-789-0123,william.simmons@email.com
Amelia Foster,791 Sycamore Ave,Hialeah,FL,555-890-1234,amelia.foster@email.com
James Gonzales,802 Magnolia St,Garland,TX,555-901-2345,james.gonzales@email.com
Harper Bryant,913 Cherry Ln,Chesapeake,VA,555-012-3456,harper.bryant@email.com
Oliver Alexander,024 Walnut Dr,Scottsdale,AZ,555-123-4567,oliver.alexander@email.com
Evelyn Russell,135 Chestnut St,North Las Vegas,NV,555-234-5678,evelyn.russell@email.com
Lucas Griffin,246 Pine Ave,Fremont,CA,555-345-6789,lucas.griffin@email.com
Abigail Diaz,357 Oak St,Boise,ID,555-456-7890,abigail.diaz@email.com
Henry Hayes,468 Elm Dr,Richmond,VA,555-567-8901,henry.hayes@email.com
Emily Myers,579 Maple St,Spokane,WA,555-678-9012,emily.myers@email.com
Sebastian Ford,680 Cedar Ave,Des Moines,IA,555-789-0123,sebastian.ford@email.com
Elizabeth Hamilton,791 Birch St,Tacoma,WA,555-890-1234,elizabeth.hamilton@email.com
Jackson Graham,802 Willow St,San Bernardino,CA,555-901-2345,jackson.graham@email.com
Sofia Sullivan,913 Poplar Ave,Baton Rouge,LA,555-012-3456,sofia.sullivan@email.com
Aiden Wallace,024 Ash Blvd,Hialeah,FL,555-123-4567,aiden.wallace@email.com
Madison Woods,135 Hickory Dr,Spokane,WA,555-234-5678,madison.woods@email.com
Lucas Cole,246 Dogwood St,Lexington,KY,555-345-6789,lucas.cole@email.com
Ella West,357 Sycamore Ave,Anchorage,AK,555-456-7890,ella.west@email.com
Mason Jordan,468 Magnolia St,Jersey City,NJ,555-567-8901,mason.jordan@email.com
Scarlett Owens,579 Cherry Ln,Plano,TX,555-678-9012,scarlett.owens@email.com
Logan Reynolds,680 Walnut St,Henderson,NV,555-789-0123,logan.reynolds@email.com
Grace Fisher,791 Chestnut Ave,Lincoln,NE,555-890-1234,grace.fisher@email.com
Jackson Ellis,802 Pine St,Buffalo,NY,555-901-2345,jackson.ellis@email.com
Chloe Harrison,913 Oak Dr,Jersey City,NJ,555-012-3456,chloe.harrison@email.com
Caleb Gibson,024 Elm St,Chula Vista,CA,555-123-4567,caleb.gibson@email.com
Zoe Murray,135 Maple Ave,Fort Wayne,IN,555-234-5678,zoe.murray@email.com
Wyatt Freeman,246 Cedar St,Orlando,FL,555-345-6789,wyatt.freeman@email.com
Lily Wells,357 Birch Rd,St. Petersburg,FL,555-456-7890,lily.wells@email.com
Owen Webb,468 Willow Way,Laredo,TX,555-567-8901,owen.webb@email.com
Layla Simpson,579 Poplar St,Irving,TX,555-678-9012,layla.simpson@email.com
Gabriel Stevens,680 Ash Blvd,Lubbock,TX,555-789-0123,gabriel.stevens@email.com
Nora Tucker,791 Hickory Dr,Madison,WI,555-890-1234,nora.tucker@email.com
